shareCode,value(100 million)
000001,2218.1
000002,1833
000004,12.46
000005,18.95
000006,54.81
000007,28.06
000008,69.24
000009,331.43
000010,34.3
000011,61.62
000012,227.54
000014,22.27
000016,123.53
000017,32.12
000019,87.36
000020,26.87
000021,178.38
000023,18.57
000025,76.86
000026,42.09
000027,278.78
000028,137.17
000029,104.4
000030,85.82
000031,148.74
000032,232.14
000034,152.64
000035,133.76
000036,60.84
000037,48.7
000038,24.83
000039,388.26
000040,58.29
000042,55.45
000045,45.79
000046,65.99
000048,95.7
000049,157.63
000050,224.39
000055,56.06
000056,52.5
000058,73.01
000059,121.88
000060,158.47
000061,95.37
000062,119.34
000063,1128.62
000065,85.45
000066,343.55
000068,41.58
000069,400.25
000070,55.49
000078,94.08
000088,107.73
000089,145.19
000090,104.45
000096,43.4
000099,58.26
000100,590.69
000150,13.69
000151,36.71
000153,30.06
000155,325.88
000156,133.04
000157,495.51
000158,102.79
000159,42.97
000166,1019.13
000301,864.26
000333,3192.16
000338,890.98
000400,216.29
000401,220.37
000402,155.13
000403,141.71
000404,37.51
000407,35.91
000408,484.88
000409,46.76
000410,123.06
000411,38.56
000413,108.71
000415,142.86
000416,21.27
000417,36.81
000419,28.7
000420,122.45
000421,28.45
000422,141.41
000423,254.55
000425,576.63
000426,116.66
000428,50.64
000429,152.63
000430,27.53
000488,147.5
000498,114.55
000501,78.59
000503,98.52
000504,42.28
000505,59.32
000506,33.82
000507,52.24
000509,43.57
000510,38.5
000513,336.89
000514,34.34
000516,222.06
000517,95.52
000518,36.14
000519,318.62
000520,34.51
000521,46.45
000523,50.31
000524,70.57
000525,70.97
000526,20.79
000528,122.19
000529,41.1
000530,42.92
000531,53.44
000532,38.02
000533,28.19
000534,81.85
000536,57.26
000537,263.17
000538,1002.29
000539,253.06
000540,108.58
000541,70.69
000543,107.45
000544,64.04
000545,39.37
000546,126.49
000547,169.67
000548,23.01
000550,128.27
000551,39.11
000552,85.02
000553,220.4
000554,25.77
000555,109.38
000557,77.59
000558,43.7
000559,170.81
000560,62.19
000561,48.38
000563,122.09
000564,256.79
000565,27.06
000566,60.98
000567,141.31
000568,2742.11
000570,35.14
000571,20.03
000572,90.46
000573,23.49
000576,53.81
000581,180.14
000582,136.28
000584,53.57
000586,16.33
000587,28.88
000589,53.47
000590,27.68
000591,284.98
000592,53.7
000593,29.69
000595,95.08
000596,1193.05
000597,76.74
000598,146.92
000599,33.49
000600,93.16
000601,53.49
000603,82.93
000605,22.01
000606,16.23
000607,47.22
000608,22.05
000609,19.57
000610,30.97
000612,67.6
000615,47.26
000616,24.03
000617,608.08
000619,24.59
000620,56.71
000622,20.58
000623,167.83
000625,1234.27
000626,49.72
000627,154.64
000628,46.15
000629,455.93
000630,311.59
000631,91.46
000632,20.44
000633,36.2
000635,26.5
000636,174.71
000637,24.12
000638,27.23
000639,43.82
000650,92.68
000651,1751.93
000652,60.2
000655,41.73
000656,115.87
000657,169.07
000659,43.2
000661,688.02
000663,27.91
000665,80.86
000666,57.88
000667,35.52
000668,20.48
000669,11.91
000671,89.02
000672,108.15
000676,76.46
000677,28.08
000678,27.99
000679,18
000680,68.46
000681,81.13
000682,108.46
000683,264.75
000685,101.78
000686,160.09
000688,212.22
000690,116.85
000691,14.84
000692,19.4
000695,27.48
000697,57.69
000698,36.96
000700,50.99
000701,32.24
000702,16.48
000703,262.14
000705,28.87
000707,46
000708,859.53
000709,250.6
000710,46.45
000711,27.74
000712,121.41
000713,53.17
000715,21.45
000716,32.14
000717,71.99
000718,99.84
000719,78.07
000720,65.13
000721,56.24
000722,71.67
000723,411.88
000725,1355.97
000726,70.12
000727,101.01
000728,298.48
000729,316.8
000731,48.21
000732,28.87
000733,625.28
000735,79.45
000736,89.43
000737,102.63
000738,371.01
000739,256.92
000750,185.11
000751,44.97
000752,10.08
000753,42.83
000755,79.09
000756,149.06
000757,27.66
000758,101.82
000759,37.73
000761,127.77
000762,256.78
000766,50.45
000767,108.92
000768,733.97
000776,1166.03
000777,41.25
000778,149.63
000779,39.83
000782,24.72
000783,304.15
000785,246.8
000786,409.54
000788,52.27
000789,68.98
000790,32.25
000791,73.01
000792,1386.47
000793,45.14
000795,80.15
000796,40.95
000797,46.65
000798,36.59
000799,400.31
000800,342.02
000801,74.66
000802,29.71
000803,42.52
000806,23.98
000807,364.83
000809,27.71
000810,201.29
000811,94.8
000812,46.81
000813,82.39
000815,70.29
000816,58.05
000818,204.49
000819,69.63
000820,29.95
000821,128.19
000822,74.2
000823,51.07
000825,253.39
000826,52.93
000828,96.99
000829,110.3
000830,242.46
000831,329.58
000833,46.92
000836,36.13
000837,87.69
000838,57
000839,99.17
000848,87.41
000850,33.12
000851,69.89
000852,58.25
000856,21
000858,5884.52
000859,52.68
000860,207.03
000861,60.5
000862,43.78
000863,58.29
000868,45.69
000869,192.41
000875,174.39
000876,614.55
000877,772.78
000878,215.35
000880,36.81
000881,72.51
000882,47.36
000883,283.08
000885,64.85
000886,44.3
000887,205.37
000888,40.63
000889,17.79
000890,17.83
000892,40.71
000893,260.68
000895,857.85
000897,38.33
000898,252.94
000899,88.1
000900,62.84
000901,65.53
000902,158.5
000903,55.77
000905,50.29
000906,61.87
000908,32.2
000909,41.75
000910,47.79
000911,30.46
000912,77.46
000913,104.1
000915,107.16
000917,71.59
000918,43.3
000919,39.35
000920,40.93
000921,170.07
000922,63.89
000923,73.11
000925,42.69
000926,42.72
000927,164.57
000928,74.81
000929,17.93
000930,154.26
000931,51.21
000932,312.96
000933,376.36
000935,184.52
000936,48.64
000937,229.33
000938,504.23
000948,86.33
000949,49.28
000950,91.53
000951,158.61
000952,27.68
000953,24.9
000955,24.66
000957,87.99
000958,234.72
000959,308.88
000960,229.46
000961,104.47
000962,42.28
000963,757.67
000965,57.38
000966,130.04
000967,156.11
000968,95.69
000969,84.65
000970,169.59
000971,19.5
000972,20.36
000973,44.4
000975,431.78
000976,66.7
000977,331.24
000978,34.78
000980,342.68
000981,216.95
000982,85.66
000983,526
000985,22.95
000987,308.05
000988,179.08
000989,78.49
000990,119.41
000993,50.33
000995,28.83
000996,22.94
000997,142.94
000998,207.55
000999,503.96
001201,64.67
001202,20.48
001203,221.68
001205,46.14
001206,35.02
001207,27.63
001208,53.44
001209,17.94
001210,21.92
001211,16.9
001212,34.49
001213,197.78
001215,52.6
001216,35.41
001217,41.12
001218,26.21
001219,24.01
001226,23.71
001227,228.4
001228,56.92
001230,30.58
001234,26.53
001266,29.32
001267,54.59
001268,25.66
001270,130.93
001288,24.96
001289,1576.65
001296,23.97
001308,187.74
001309,44.8
001313,72.38
001316,33.98
001317,30.14
001318,40.25
001319,33.54
001323,140
001696,73.63
001872,359.37
001896,83.46
001914,169.55
001965,479.43
001979,1183.31
002001,596.55
002002,107.4
002003,100.51
002004,108.5
002005,25.23
002006,140.64
002007,332.95
002008,287
002009,60.65
002010,174.89
002011,131.53
002012,26.7
002013,448.7
002014,52.25
002015,259.57
002016,49.76
002017,62.06
002019,149.82
002020,108.49
002021,13.55
002022,64.08
002023,69.4
002024,188.99
002025,348.6
002026,48.71
002027,823.21
002028,283.17
002029,41.71
002030,248.41
002031,62.68
002032,354.68
002033,55.66
002034,83.32
002035,55.35
002036,147.79
002037,54.1
002038,89.58
002039,58.23
002040,33.15
002041,187.97
002042,54.42
002043,72.49
002044,207.46
002045,63.7
002046,65.98
002047,72.78
002048,119.67
002049,1263.71
002050,843.85
002051,102.83
002052,18.65
002053,102.48
002054,36.11
002055,60.21
002056,302.73
002057,79.24
002058,17.63
002059,67.83
002060,91.37
002061,105.82
002062,63.39
002063,120.81
002064,349.86
002065,194.89
002066,28.51
002067,42.03
002068,107.73
002069,28.16
002072,27.5
002073,63.6
002074,601.26
002075,90.48
002076,18.7
002077,114.68
002078,280.44
002079,114.24
002080,338.98
002081,129.58
002082,62.32
002083,40.53
002084,30.75
002085,148.05
002086,22.39
002087,28.91
002088,110.63
002089,31.21
002090,51.18
002091,145.18
002092,165.93
002093,76.57
002094,25.56
002095,32.98
002096,43.72
002097,71.21
002098,22.02
002099,110.23
002100,117.15
002101,130.95
002102,85.07
002103,28.21
002104,57.56
002105,26.31
002106,57.95
002107,37.4
002108,82.13
002109,54.02
002110,115.71
002111,54.89
002112,23.06
002113,19.18
002114,22.51
002115,39.98
002116,39.13
002117,49.38
002118,33.81
002119,49.09
002120,358.43
002121,135.2
002122,30.49
002123,95.3
002124,115.5
002125,101.54
002126,107.73
002127,116.36
002128,253.46
002129,1399.02
002130,86.18
002131,123.61
002132,64.75
002133,29.03
002134,21.98
002135,81.59
002136,31.41
002137,35.69
002138,197.63
002139,144.9
002140,55.56
002141,53.22
002142,1901.83
002144,18.15
002145,223.63
002146,104.36
002148,32.59
002149,72.3
002150,31.59
002151,151.66
002152,231.2
002153,325.19
002154,53.41
002155,186.44
002156,269.81
002157,127.88
002158,144.38
002159,22.73
002160,35.32
002161,38.99
002162,38.36
002163,94.21
002164,32.14
002165,33.82
002166,78.18
002167,48.06
002168,32.32
002169,69.33
002170,50.72
002171,101.29
002172,30.32
002173,36.61
002174,74.74
002175,45.07
002176,381.36
002177,23.29
002178,32.97
002179,969.99
002180,763.39
002181,50.16
002182,145.38
002183,145.69
002184,40.05
002185,277.19
002186,28.9
002187,50.62
002188,21.18
002189,40.58
002190,92.8
002191,113.99
002192,358.48
002193,16.25
002194,69.37
002195,121.37
002196,39.46
002197,66.66
002198,33.7
002199,17.24
002200,13.7
002201,97.09
002202,482.08
002203,257.64
002204,113.56
002205,20.26
002206,80.11
002207,21.1
002208,57.84
002209,16.79
002210,62.81
002211,11.76
002212,140.79
002213,30.14
002214,81.14
002215,55.41
002216,137.68
002217,86.32
002218,75.74
002219,126.65
002221,135.7
002222,66.6
002223,365.4
002224,34.15
002225,44.96
002226,135.36
002227,34.97
002228,40.26
002229,35.73
002230,802.57
002231,25.6
002232,59.89
002233,87.99
002234,68.75
002235,28.92
002236,363.98
002237,128.58
002238,51.44
002239,86.92
002240,415.19
002241,576.68
002242,121.65
002243,102.54
002244,351.9
002245,192.51
002246,55.29
002247,22.38
002248,32.29
002249,133.22
002250,164.89
002251,50.28
002252,370.74
002253,31.2
002254,134.96
002255,44.98
002256,49.7
002258,158.33
002259,18.81
002261,90.8
002262,200.31
002263,58.42
002264,42.87
002265,44.63
002266,221.77
002267,82.52
002268,301.05
002269,45.23
002270,77.34
002271,788.94
002272,29.1
002273,174.52
002274,74.38
002275,87.67
002276,99.51
002277,52.28
002278,18.78
002279,54.83
002280,66.84
002281,117.85
002282,45.69
002283,61.76
002284,64.18
002285,59.79
002286,33.06
002287,130.28
002288,50.03
002289,22.2
002290,21.19
002291,146.16
002292,72.6
002293,84.58
002294,356.74
002295,17.29
002296,33.78
002297,44.82
002298,52.03
002299,334.82
002300,55.16
002301,55.5
002302,96.07
002303,54.97
002304,2170.06
002305,42.66
002306,38.89
002307,66.08
002308,43.23
002309,39.67
002310,59.62
002311,981.08
002312,230.11
002313,20.82
002314,94.5
002315,44.12
002316,13.72
002317,259.4
002318,168.76
002319,24.02
002320,111.67
002321,50.12
002322,37.04
002323,77.2
002324,179.79
002325,35.83
002326,208.62
002327,57.65
002328,44.07
002329,63.16
002330,40.31
002331,28.92
002332,104.26
002333,37.39
002334,67.37
002335,216.43
002336,34.06
002337,30.55
002338,60.48
002339,33.11
002340,410.33
002341,48.28
002342,40.51
002343,25.03
002344,54.51
002345,38.92
002346,64.51
002347,24.63
002348,22.45
002349,119.36
002350,41.55
002351,78.15
002352,2601.8
002353,348.96
002354,75.45
002355,30.59
002356,74.35
002357,17.81
002358,41.1
002360,29.85
002361,42.67
002362,38.6
002363,30.04
002364,41.59
002365,33.98
002366,49.51
002367,56.58
002368,153.67
002369,30.11
002370,28.77
002371,1253.04
002372,344.85
002373,146.96
002374,51.46
002375,65.39
002376,47.44
002377,27.21
002378,68.02
002379,41.04
002380,37.08
002381,25.31
002382,88.02
002383,56.71
002384,458.93
002385,392.59
002386,77.25
002387,85.62
002388,35.03
002389,230.7
002390,108.66
002391,48.4
002392,44.64
002393,42.18
002394,22.89
002395,34.41
002396,120.16
002397,36.81
002398,43.35
002399,198.97
002400,77.23
002401,39.72
002402,145.01
002403,29.02
002404,36.86
002405,289.98
002406,32.02
002407,262.9
002408,221.45
002409,278.37
002410,637.94
002411,128.1
002412,33.71
002413,66.17
002414,392.25
002415,2846.94
002416,131.86
002417,22.68
002418,36.59
002419,64.4
002420,26.07
002421,63.81
002422,334.82
002423,144.24
002424,101.04
002425,46.88
002426,88.45
002427,32.23
002428,68.64
002429,162.06
002430,373.52
002431,56.56
002432,236.35
002433,31.36
002434,117.48
002435,58.83
002436,194.3
002437,58.91
002438,61.41
002439,236.91
002440,84.56
002441,50.04
002442,28.22
002443,33.94
002444,259.79
002445,56.92
002446,92.9
002448,35.4
002449,54.98
002451,27.32
002452,44.91
002453,109.43
002454,50.79
002455,64.12
002456,172.34
002457,27.7
002458,148.04
002459,1534.87
002460,1782.69
002461,168.43
002462,40.75
002463,235
002465,197.95
002466,1687.34
002467,82.39
002468,157.37
002469,43.93
002470,68.68
002471,35.63
002472,252.65
002474,58.86
002475,2284.35
002476,33.05
002478,59.38
002479,39.53
002480,45
002481,74.3
002482,29.67
002483,55.03
002484,190.56
002485,18.39
002486,29.29
002487,247.55
002488,66.93
002489,76.37
002490,34.95
002491,67.53
002492,24.5
002493,1276.83
002494,16.45
002495,24.33
002496,37.24
002497,328.83
002498,157.02
002499,7.9
002500,197.44
002501,77.39
002502,30.18
002503,37.84
002504,16
002505,183.58
002506,193.06
002507,225.9
002508,244.37
002510,41.53
002511,144.96
002512,42.33
002513,21.05
002514,86.4
002515,39.52
002516,71.19
002517,140.34
002518,287.96
002519,57.11
002520,48.51
002521,25.62
002522,46.38
002523,43.35
002524,40.3
002526,42.43
002527,42.86
002528,62.09
002529,43.89
002530,61.4
002531,241.72
002532,348.43
002533,49.03
002534,129.73
002535,18.68
002536,42.21
002537,103.08
002538,71.95
002539,127.17
002540,69.63
002541,233.84
002542,55.25
002543,75.7
002544,129.33
002545,113.09
002546,32.86
002547,60.69
002548,47.32
002549,130.98
002550,76.4
002551,40.89
002552,66.13
002553,45.21
002554,51.72
002555,362.62
002556,95.88
002557,249.24
002558,160.39
002559,45.19
002560,38.59
002561,35.26
002562,57.5
002563,132.82
002564,40.45
002565,46.43
002566,30.22
002567,86.71
002568,356.21
002569,9.84
002570,52.92
002571,27.55
002572,162.49
002573,87.04
002574,27.46
002575,36.44
002576,21.84
002577,33.8
002578,44.37
002579,52.68
002580,49.11
002581,113.08
002582,32.49
002583,97.16
002584,42.9
002585,149.51
002586,46.23
002587,39.84
002588,69.53
002589,68.01
002590,41.15
002591,18.58
002592,16.86
002593,37.78
002594,7831.27
002595,201.52
002596,35.8
002597,194.41
002598,39.34
002599,25.59
002600,339.97
002601,437.16
002602,295.87
002603,565.03
002605,64.59
002606,45.92
002607,294.8
002608,229.71
002609,55.04
002610,140.66
002611,54.11
002612,97.51
002613,49.58
002614,53.3
002615,30.55
002616,36.58
002617,205.57
002620,22.27
002621,32.64
002622,36.71
002623,64.12
002624,240.94
002625,391.49
002626,117.32
002627,36.91
002628,28.24
002629,19.21
002630,38.73
002631,42.55
002632,41.91
002633,14.75
002634,52.09
002635,92.17
002636,59.33
002637,56.21
002638,36.15
002639,71.85
002640,61.85
002641,58.92
002642,64.69
002643,144.29
002644,55.25
002645,92.7
002646,68.81
002647,39.98
002648,498.27
002649,65.85
002650,47.69
002651,79.78
002652,15.05
002653,237.6
002654,38.99
002655,42.32
002656,21.09
002657,56.27
002658,53.18
002659,26.2
002660,29.85
002661,40.99
002662,54.75
002663,35.74
002664,55.41
002665,98.5
002666,42.54
002667,62.44
002668,65.16
002669,37.2
002670,156.94
002671,25.29
002672,51.53
002673,283.37
002674,35.29
002675,146.12
002676,28.37
002677,72.87
002678,77.85
002679,25.91
002681,70.25
002682,24.8
002683,206.96
002685,47.26
002686,35.05
002687,22.28
002688,42.92
002689,46.64
002690,214.53
002691,19.18
002692,30.16
002693,39.81
002694,34.52
002695,55.64
002696,23.06
002697,69.36
002698,150.62
002699,32.65
002700,20.74
002701,130.98
002702,28.7
002703,74.7
002705,144.93
002706,166.22
002707,76.14
002708,32.13
002709,917.28
002712,25.98
002713,25
002714,2591.36
002715,30.59
002716,75.6
002717,50.88
002718,19.66
002719,13.58
002721,30.62
002722,22.94
002723,39.31
002724,72.68
002725,23.91
002726,109.69
002727,189.91
002728,45.13
002729,64.7
002730,29.33
002731,51.64
002732,27.28
002733,71.58
002734,37.18
002735,50.57
002736,870.89
002737,154.12
002738,403.17
002739,254.11
002740,14.67
002741,78.35
002742,20.09
002743,25.33
002745,130.9
002746,88.21
002747,179.65
002748,27.29
002749,41.59
002750,68.85
002751,11.27
002752,53.54
002753,33
002755,86.78
002756,588.33
002757,36.46
002758,83.7
002759,76.97
002760,22.72
002761,249.25
002762,25.28
002763,31.69
002765,67.63
002766,48.04
002767,17.51
002768,78.53
002769,32.93
002771,23.51
002772,34.31
002773,157.96
002774,22.83
002775,20.51
002776,12.27
002777,68.95
002778,19.4
002779,30.76
002780,18.31
002781,16.2
002782,91.29
002783,35.92
002785,63.95
002786,32.17
002787,20.54
002788,35.98
002789,23.4
002790,37.75
002791,324.02
002792,46.68
002793,97.77
002795,25.26
002796,22.42
002797,245.84
002798,30.18
002799,35.13
002800,21.88
002801,67.26
002802,20.98
002803,52.98
002805,97
002806,22.45
002807,85.8
002808,21.34
002809,21.71
002810,89.79
002811,22.14
002812,1486.04
002813,35.27
002815,96.72
002816,16.27
002817,27.28
002818,92.06
002819,81.25
002820,16.57
002821,573.48
002822,33.04
002823,29.8
002824,66.05
002825,29.95
002826,23.17
002827,27.52
002828,17.85
002829,62.54
002830,16.13
002831,310.61
002832,133.72
002833,69.83
002835,26.49
002836,22.04
002837,139.33
002838,81.93
002839,100.45
002840,96.55
002841,444.27
002842,23.71
002843,45.41
002845,49.07
002846,26.9
002847,123.39
002848,17.83
002849,24.53
002850,245.4
002851,141.86
002852,44.23
002853,38.65
002855,22.78
002856,14.51
002857,17.57
002858,24.76
002859,111.57
002860,49.84
002861,17.39
002862,17.28
002863,28.08
002864,38.23
002865,323.78
002866,115.37
002867,142.47
002868,56.24
002869,41.24
002870,38.57
002871,24.66
002872,16.09
002873,36.03
002875,17.65
002876,74.42
002877,24.24
002878,39.55
002879,28.79
002880,62.48
002881,70.79
002882,56.97
002883,17.08
002884,55.69
002885,57.83
002886,41.42
002887,28.86
002888,18.1
002889,30.99
002890,18.22
002891,64.88
002892,37.68
002893,18.03
002895,121.55
002896,37.49
002897,105.3
002898,21.49
002899,16.04
002900,46.26
002901,161.52
002902,30.51
002903,35.32
002905,30.07
002906,186.98
002907,106.05
002908,49.99
002909,34.63
002910,20.87
002911,113.42
002912,52.15
002913,84.79
002915,64.48
002916,392.71
002917,40.57
002918,70.06
002919,61.03
002920,651.95
002921,20.2
002922,53.76
002923,43.2
002925,142.86
002926,212.36
002927,24.64
002928,119.09
002929,86.66
002930,89.21
002931,20.81
002932,100.64
002933,28.57
002935,70.88
002936,199.2
002937,71.84
002938,700.76
002939,348.98
002940,43.93
002941,84.82
002942,27.28
002943,62.55
002945,386.1
002946,99.25
002947,46.37
002948,187.42
002949,28.33
002950,77.13
002951,39.37
002952,29.15
002953,35.97
002955,65.12
002956,30.41
002957,67.86
002958,162.78
002959,97.2
002960,139.76
002961,65.64
002962,34.13
002963,20.54
002965,95.26
002966,266.2
002967,108.32
002968,49.85
002969,38.68
002970,39.75
002971,31.92
002972,37.12
002973,51.08
002975,51.26
002976,30.18
002977,39.06
002978,145.44
002979,61.39
002980,49.52
002981,22.85
002982,45.85
002983,34.41
002984,186.46
002985,165.63
002986,50.01
002987,95.86
002988,34.61
002989,29.23
002990,73.8
002991,64.97
002992,90.34
002993,105.06
002995,45.58
002996,63.22
002997,49.28
002998,22.78
002999,44.74
003000,44.63
003001,21.72
003002,46.2
003003,18.37
003004,20.48
003005,92.85
003006,58.96
003007,27.72
003008,21.79
003009,66.01
003010,21.13
003011,23.22
003012,97.36
003013,63.16
003015,25.8
003016,36.27
003017,18.86
003018,27.9
003019,35.19
003020,47.21
003021,102.2
003022,435.53
003023,27.62
003025,32.72
003026,42.2
003027,28.51
003028,41.28
003029,62.39
003030,32.11
003031,204.63
003032,63.79
003033,39.24
003035,229.92
003036,28.34
003037,63.58
003038,87.36
003039,107.94
003040,90.47
003041,20.04
003042,48.64
003043,57.06
003816,1363.46
300001,165.26
300002,89.23
300003,445.62
300004,27.84
300005,72.38
300006,45.3
300007,61.99
300008,73.61
300009,171.55
300010,31.17
300011,32.29
300012,352.91
300013,21.04
300014,1745.18
300015,1930.49
300016,35.86
300017,136.82
300018,32.74
300019,71.49
300020,45.64
300021,41.56
300022,19.35
300024,156.42
300025,25.59
300026,207.29
300027,63.54
300029,17.7
300030,23.81
300031,70.12
300032,44.09
300033,518.25
300034,245.12
300035,152.55
300036,92.23
300037,302.77
300039,67.47
300040,38.37
300041,76.09
300042,24.57
300043,42.43
300044,27.65
300045,49.5
300046,38.56
300047,41.58
300048,58.52
300049,56.98
300050,21.17
300051,24.79
300052,54.66
300053,54.28
300054,199.92
300055,75.89
300056,32.77
300057,75.19
300058,140.49
300059,2414.23
300061,49.56
300062,36.63
300063,29
300065,96.73
300066,56.68
300067,34.13
300068,165.02
300069,16.1
300070,185.92
300071,42.52
300072,101.27
300073,316.01
300074,20.23
300075,99.2
300076,22.34
300077,88.34
300078,41.23
300079,76.31
300080,115.66
300081,47.6
300082,59.1
300083,159.87
300084,17.08
300085,70.73
300086,33.8
300087,105.97
300088,162.27
300089,16.79
300091,59.27
300092,33.07
300093,90.53
300094,49.99
300095,44.03
300096,27.74
300097,17.49
300098,60.47
300099,49.47
300100,32.45
300101,155.75
300102,62.89
300103,22.49
300105,39.97
300106,17.5
300107,31.06
300108,12.92
300109,92.08
300110,53.08
300111,34.38
300112,28.95
300113,80.19
300114,62.86
300115,152.17
300116,78.33
300117,28.74
300118,236.88
300119,97.58
300120,32.04
300121,49.14
300122,1547.36
300123,60.76
300124,1904.92
300125,73.81
300126,18.15
300127,52.8
300128,39.83
300129,76.47
300130,68.13
300131,60.61
300132,35.02
300133,90.11
300134,65.85
300135,23.87
300136,163.04
300137,34.14
300138,85.51
300139,23.67
300140,29.99
300141,21.99
300142,675.49
300143,70.77
300144,346.19
300145,49.43
300146,317.79
300147,41.53
300148,28.07
300149,60.52
300150,23.58
300151,117.44
300152,24.52
300153,23.74
300154,27.36
300155,28.62
300157,24.64
300158,63.09
300159,36.51
300160,43.52
300161,45.74
300162,26.14
300163,16.4
300164,23.24
300165,25.05
300166,103.6
300167,20.34
300168,107.6
300169,15.26
300170,76.79
300171,175.31
300172,32.82
300173,32.7
300174,61.79
300175,17.66
300176,24.44
300177,52.32
300179,65.84
300180,71.15
300181,68.9
300182,126.69
300183,62.82
300184,53.34
300185,102.49
300187,39.51
300188,107.63
300189,42.09
300190,35.41
300191,61.38
300192,20.57
300193,38.15
300194,46.04
300195,22.82
300196,62.33
300197,64.93
300198,31.98
300199,129.93
300200,32.59
300201,27.17
300203,155.98
300204,75.88
300205,53.71
300206,77.54
300207,481.06
300208,84.54
300209,28.83
300210,15.74
300211,23.61
300212,112.26
300213,31.94
300214,31.87
300215,44.74
300217,97.15
300218,24.37
300219,55.15
300220,18.17
300221,24.87
300222,56.02
300223,358.05
300224,111.3
300225,28.62
300226,53.49
300227,35.88
300228,32.34
300229,92.21
300230,32
300231,34.17
300232,67.83
300233,102.78
300234,28.84
300235,18.04
300236,98.4
300237,34.03
300238,30.97
300239,49.8
300240,27.75
300241,34.91
300242,20.88
300243,20.42
300244,178.75
300245,26.21
300246,28.71
300247,29.11
300248,49.79
300249,43.09
300250,27.06
300251,227.35
300252,45.42
300253,206.4
300254,18.51
300255,56.29
300256,70.55
300257,172.89
300258,62.97
300259,41.53
300260,212.9
300261,124.36
300262,20.03
300263,66.47
300264,30.16
300265,31.97
300266,48.99
300267,70.33
300268,32.87
300269,25.64
300270,17.44
300271,58.79
300272,33.53
300273,19.81
300274,1773.76
300275,23.31
300276,52.4
300277,24.22
300278,63.4
300279,25.01
300280,28.62
300281,22.16
300282,21.15
300283,23.78
300284,76.15
300285,283.78
300286,55.5
300287,58.13
300288,34.33
300289,34.76
300290,32.73
300291,41.44
300292,43.88
300293,26.69
300294,156.52
300295,17.67
300296,154.61
300297,23.37
300298,210.91
300299,38.85
300300,27.8
300301,15.72
300302,38.57
300303,58.66
300304,40.96
300305,35.83
300306,27.89
300307,39.5
300308,235.56
300309,13.47
300310,33.77
300311,45.27
300313,19.72
300314,43.32
300315,85.21
300316,942.22
300317,44.35
300318,54
300319,75.36
300320,74.55
300321,14.51
300322,39.5
300323,95.99
300324,55.97
300326,57.29
300327,116.19
300328,49.23
300329,17.04
300330,9.54
300331,49.28
300332,116.06
300333,21.47
300334,20.99
300335,23.77
300336,14.75
300337,74.14
300338,15.25
300339,163.82
300340,26.35
300341,52.26
300342,37.66
300343,135.59
300344,32.21
300345,40.1
300346,183.46
300347,851.65
300348,96.48
300349,42.65
300350,29.04
300351,55.01
300352,68
300353,51.18
300354,52.12
300355,54.22
300356,19.54
300357,272
300358,96.78
300359,33.19
300360,86
300363,257.76
300364,75.86
300365,62.86
300366,63.86
300368,34.58
300369,89.76
300370,25.17
300371,21.56
300373,289.15
300374,28.8
300375,26.19
300376,174.3
300377,68.32
300378,46.63
300379,115.96
300380,22.22
300381,41.95
300382,151.62
300383,159.63
300384,53.11
300385,20.79
300386,45.02
300387,21.07
300388,44.66
300389,35.24
300390,393.62
300391,40.29
300392,15.94
300393,183.6
300394,109.74
300395,301.11
300396,65.53
300397,55.49
300398,98.7
300399,20.87
300400,41.49
300401,87.5
300402,40.82
300403,42.87
300404,35.18
300405,16.43
300406,106.29
300407,24.35
300408,582.62
300409,94
300410,43.05
300411,28.46
300412,34.05
300413,476.1
300414,26.51
300415,105.04
300416,121.79
300417,14.69
300418,166.33
300419,21.62
300420,31.04
300421,35.73
300422,30.04
300423,48.91
300424,31.31
300425,30.2
300426,25.28
300427,66.38
300428,186.94
300429,42.72
300430,38.73
300432,191.23
300433,510.28
300434,37.32
300435,54.35
300436,77.88
300437,53.03
300438,308.88
300439,50.1
300440,34.51
300441,41.47
300442,380.43
300443,110.59
300444,35.03
300445,28.21
300446,20.95
300447,55.53
300448,35.58
300449,16.55
300450,768.72
300451,133.86
300452,38.88
300453,37
300454,499.2
300455,60.36
300456,115.13
300457,134.45
300458,134
300459,117.78
300460,29.02
300461,18.44
300462,17.79
300463,119.8
300464,22.15
300465,38.38
300466,27.95
300467,22.9
300468,61.71
300469,29.72
300470,88.7
300471,52.23
300472,38.89
300473,25.64
300474,283.48
300475,79.8
300476,122.9
300477,60.14
300478,13.39
300479,37.77
300480,55.68
300481,82.26
300482,163.36
300483,37.3
300484,24.29
300485,61.41
300486,36.42
300487,272.43
300488,40.01
300489,21.88
300490,40.26
300491,26.95
300492,50.35
300493,33.72
300494,43.38
300495,25.15
300496,542.15
300497,79.15
300498,1173.74
300499,32.53
300500,26.72
300501,29.71
300502,135.39
300503,30.79
300504,46.63
300505,51.75
300506,50.29
300507,50.34
300508,25.78
300509,17.72
300510,39.28
300511,31.99
300512,30.7
300513,34.04
300514,23.64
300515,24.41
300516,48.8
300517,29.02
300518,83.4
300519,28.3
300520,44.64
300521,16.52
300522,29.2
300523,55.81
300525,126.05
300526,26.86
300527,68.2
300528,24.15
300529,267.2
300530,43.05
300531,46.09
300532,59.04
300533,39
300534,31.97
300535,14.23
300536,43.05
300537,27.16
300538,21.78
300539,21.28
300540,29.26
300541,39.14
300542,38.95
300543,25.26
300545,32.56
300546,35.05
300547,39.91
300548,56.57
300549,17.61
300550,36.76
300551,36.96
300552,45.48
300553,34.88
300554,26.36
300555,14.9
300556,23.37
300557,21.67
300558,212
300559,39.43
300560,32.54
300561,33.07
300562,22.11
300563,22.41
300564,21.38
300565,56.85
300566,63.93
300567,154.93
300568,278.19
300569,75.12
300570,36.8
300571,44.09
300572,29.15
300573,102.35
300575,71.65
300576,51.49
300577,37.65
300578,32.84
300579,68.69
300580,39.64
300581,62.68
300582,42.64
300583,29.14
300584,39.72
300585,23.36
300586,89.43
300587,140.64
300588,20.55
300589,45.4
300590,55.38
300591,20.04
300592,45.98
300593,188.85
300594,14.99
300595,296.64
300596,132.58
300597,19.8
300598,87.4
300599,27.9
300600,23.95
300601,397.77
300602,86.2
300603,36.58
300604,314.49
300605,22.25
300606,19.17
300607,65.34
300608,22.52
300609,19.53
300610,30.21
300611,19.52
300612,35.51
300613,125.79
300614,42.4
300615,22.48
300616,42.64
300617,59.77
300618,139.08
300619,60.6
300620,59.92
300621,17.98
300622,37.52
300623,143.64
300624,42.54
300625,31.83
300626,15.48
300627,166.07
300628,615
300629,51.96
300630,128.51
300631,37.9
300632,35.77
300633,220.18
300634,84.05
300635,20.73
300636,56.24
300637,17.23
300638,121.87
300639,89.4
300640,19.62
300641,26.98
300642,38.93
300643,34.2
300644,16.89
300645,38.54
300647,42.9
300648,53.79
300649,27.01
300650,23.79
300651,31.88
300652,25.04
300653,78.12
300654,20.78
300655,95.21
300656,52.73
300657,57.34
300658,25.83
300659,57.18
300660,67.68
300661,571.04
300662,84.36
300663,71.27
300664,38.16
300665,15.77
300666,208
300667,41.01
300668,22.54
300669,16.57
300670,24.78
300671,96.58
300672,134.61
300673,46.88
300674,114.41
300675,22.63
300676,245.04
300677,157.43
300678,35.7
300679,155.73
300680,64.34
300681,72.44
300682,272.12
300683,49.51
300684,47.3
300685,103.52
300686,43.27
300687,109.69
300688,27.6
300689,20.77
300690,29.85
300691,39.67
300692,29.15
300693,111.53
300694,21.77
300695,32.03
300696,91.9
300697,35.54
300698,38.11
300699,380.99
300700,44.1
300701,23.92
300702,90.93
300703,20.38
300705,88.32
300706,40.54
300707,27.89
300708,57.08
300709,55.52
300710,31.37
300711,25.35
300712,79.77
300713,22.56
300715,56.39
300716,20.19
300717,15.16
300718,69.44
300719,28.29
300720,25.37
300721,42.17
300722,54.16
300723,110.19
300724,443.37
300725,181.14
300726,188.95
300727,36.48
300729,41.43
300730,33.04
300731,24.19
300732,30.75
300733,43.36
300735,76.46
300736,15.77
300737,151.39
300738,63.78
300739,43.18
300740,48.3
300741,153.54
300742,17.18
300743,16.93
300745,49.66
300746,22.48
300747,171.61
300748,267.94
300749,16.41
300750,9647.78
300751,792.19
300752,41.89
300753,18.26
300755,106.58
300756,21.16
300757,49.52
300758,46.23
300759,826.36
300760,3804.76
300761,175.51
300762,79.26
300763,741.16
300765,101.63
300766,42.57
300767,120.08
300768,100.18
300769,509.72
300770,78.74
300771,30.41
300772,96.25
300773,118.88
300774,55.96
300775,210.35
300776,238.93
300777,231.88
300778,21.61
300779,18.48
300780,22.91
300781,20.1
300782,558.62
300783,76.95
300785,42.37
300786,30.36
300787,47.2
300788,38.22
300789,16.33
300790,54.3
300791,54.82
300792,65.92
300793,52.79
300795,37.18
300796,38.12
300797,43.05
300798,27.53
300799,109.08
300800,30.99
300801,53.5
300802,53.57
300803,199.62
300805,31.11
300806,80.13
300807,15.56
300808,24.3
300809,59.19
300810,21.43
300811,98.42
300812,23.64
300813,40.4
300814,33.23
300815,55.84
300816,19.51
300817,23.82
300818,22.5
300819,23.01
300820,139.5
300821,163.44
300822,25.57
300823,16.92
300824,29.95
300825,61.93
300826,18.61
300827,140.14
300828,25.73
300829,43.54
300830,35.74
300831,47.14
300832,423.72
300833,79.52
300834,51.16
300835,34.46
300836,14.49
300837,48.75
300838,20.46
300839,31.71
300840,22.22
300841,137.65
300842,57.93
300843,27.43
300844,16.65
300845,23.63
300846,52.25
300847,36.38
300848,47.14
300849,18.21
300850,221.73
300851,21.81
300852,34.91
300853,34.18
300854,17.37
300855,142.43
300856,92.47
300857,38.25
300858,42.91
300859,47.8
300860,73.36
300861,264.25
300862,32.76
300863,44.85
300864,31.97
300865,18.62
300866,241.42
300867,49.57
300868,21.63
300869,103.86
300870,51.37
300871,38.87
300872,57.06
300873,60.42
300875,34.27
300876,29.17
300877,20.68
300878,38.12
300879,29.1
300880,30.32
300881,39.51
300882,32.79
300883,22.35
300884,29.06
300885,24.3
300886,17.73
300887,103.27
300888,304.64
300889,21.89
300890,43.78
300891,43.32
300892,23.75
300893,70.02
300894,105.18
300895,34.25
300896,1062.31
300897,19.46
300898,22.29
300899,14.26
300900,62.24
300901,22.97
300902,38.78
300903,50.97
300905,23.8
300906,18.44
300907,19.4
300908,33.8
300909,50.89
300910,223.5
300911,45.08
300912,15.54
300913,33.92
300915,32.81
300916,51.04
300917,43.92
300918,32.04
300919,485.9
300920,17.49
300921,26.39
300922,24.27
300923,16.71
300925,45.23
300926,39.42
300927,22.3
300928,33.6
300929,16.34
300930,29.37
300931,17.7
300932,29.35
300933,36.59
300935,24.51
300936,19.57
300937,30.58
300938,43.79
300939,37.42
300940,36.69
300941,45.88
300942,74.56
300943,29
300945,28.19
300946,39.69
300947,21.37
300948,19.32
300949,19.56
300950,29.48
300951,62.42
300952,24.71
300953,93.28
300955,24.84
300956,19.77
300957,626.5
300958,26.91
300959,23.36
300960,20.12
300961,20.33
300962,44.56
300963,27
300964,21.33
300965,25.48
300966,31.45
300967,34.24
300968,37.74
300969,61.98
300970,21.66
300971,18.6
300972,18.62
300973,147.53
300975,43.72
300976,43.73
300977,22.17
300978,57.28
300979,573.11
300980,22.05
300981,61.35
300982,73.13
300983,39.21
300984,17.77
300985,30.72
300986,59
300987,26.4
300988,31.18
300989,21.82
300990,99.31
300991,18.22
300992,18.13
300993,31.81
300994,39.94
300995,16.6
300996,61.8
300997,49.55
300998,26.46
300999,2277.07
301000,28.37
301001,17.75
301002,26.18
301003,23.94
301004,35.85
301005,24.01
301006,23.84
301007,19.01
301008,19.94
301009,31.56
301010,22.27
301011,31.32
301012,27.85
301013,22.42
301015,154.8
301016,26.57
301017,71.95
301018,96.92
301019,25.21
301020,26.75
301021,50.1
301022,19.02
301023,23.18
301024,16.37
301025,41.92
301026,37.33
301027,23.34
301028,36.98
301029,339.4
301030,53.48
301031,101.74
301032,19.65
301033,29.47
301035,249.57
301036,18.61
301037,18.44
301038,28.67
301039,172.5
301040,22.36
301041,18.94
301042,24.42
301043,16.8
301045,19.24
301046,48.4
301047,143.02
301048,53.01
301049,23.04
301050,140.54
301051,42.74
301052,17.03
301053,18.23
301055,22.96
301056,21.96
301057,22.1
301058,86.27
301059,26.1
301060,94.56
301061,39.35
301062,37.28
301063,34.3
301065,24.81
301066,20.87
301067,23.13
301068,22.74
301069,120.22
301070,16.42
301071,199.37
301072,24.54
301073,84.71
301075,20.12
301076,25.35
301077,26.27
301078,116.63
301079,16.95
301080,94.47
301081,22.27
301082,27.53
301083,22.18
301085,24.13
301086,39.86
301087,87.98
301088,38.14
301089,108.36
301090,159.63
301091,45.12
301092,40.05
301093,37.99
301096,86.71
301097,39.26
301098,19.16
301099,60.19
301100,44.36
301101,77.13
301102,63.8
301103,45.54
301106,22.89
301107,21.91
301108,28
301109,64.62
301110,25
301111,38.62
301112,33.77
301113,20.93
301116,74.08
301117,64.09
301118,33.37
301119,23.66
301120,51.61
301122,52.94
301123,55.5
301125,18.76
301126,33.37
301127,47.45
301128,20.98
301129,53.49
301130,27.39
301131,18.11
301133,26.35
301135,25.47
301136,40.4
301137,25.71
301138,32.75
301139,33.71
301148,26.57
301149,55.69
301150,70.41
301151,30.85
301153,98.18
301155,203.3
301156,18.94
301158,26.53
301159,21.43
301160,27.81
301162,55.84
301163,25.5
301166,44.56
301167,21.28
301168,78.62
301169,22.89
301175,92.14
301177,190.44
301178,19.05
301179,56.05
301180,76.76
301181,39.56
301182,20.1
301183,19.74
301185,25.84
301186,21.97
301187,34.29
301188,35.67
301189,35.48
301190,43.89
301191,40.53
301193,40.69
301196,45.58
301198,24.05
301199,31.28
301200,184.25
301201,61.01
301206,73.44
301207,194.24
301208,38.37
301211,59.88
301212,42.89
301213,30.79
301215,73.26
301216,104.8
301217,107.44
301218,25.02
301219,168.92
301220,29.72
301221,43.17
301222,28.1
301226,22.25
301228,21.95
301229,25.5
301233,20.01
301234,22.67
301235,56.54
301236,240.59
301237,26.1
301238,193.16
301239,84.24
301248,28.81
301256,41.04
301257,35.66
301258,40.15
301259,26.8
301263,75.08
301266,70.25
301268,194
301279,27.65
301286,113.23
301288,19.83
301289,27.9
301298,25.26
301302,83.77
301312,40.93
430047,
430090,
430198,
430418,
430489,
430510,
430564,
600000,2066.39
600004,337.49
600006,116.2
600007,148.47
600008,209.94
600009,1356.22
600010,911.7
600011,1123.98
600012,116.27
600015,798.93
600016,1519.25
600017,87.35
600018,1255.02
600019,1186.91
600020,63.38
600021,272.94
600022,166.39
600023,463.94
600025,1175.4
600026,840.61
600027,537.91
600028,5215.82
600029,1203.55
600030,2849.99
600031,1363.17
600032,249.6
600033,77.39
600035,51.68
600036,8322.55
600037,116.35
600038,246.87
600039,553.09
600048,1969.14
600050,1074.52
600051,22.73
600052,45.33
600053,69.19
600054,83.08
600055,143.21
600056,221.24
600057,243.44
600058,97.97
600059,83.86
600060,178.23
600061,408.65
600062,208.96
600063,138.84
600064,118.7
600066,163.61
600067,49.13
600070,26.32
600071,54.46
600072,92.69
600073,70.7
600075,94.93
600076,40.61
600077,41.01
600078,93.42
600079,337.97
600080,30.35
600081,49.3
600082,23.58
600083,18.88
600084,80.12
600085,651.04
600088,35.87
600089,845.27
600094,85.15
600095,227.54
600096,407.2
600097,22.96
600098,196.7
600099,20.58
600100,146.07
600101,38.73
600103,54.19
600104,1696.44
600105,51.37
600106,76.82
600107,24.84
600108,62.5
600109,326.25
600110,157.12
600111,974.39
600112,25.56
600113,29.66
600114,58.12
600115,968.26
600116,165.97
600117,33.65
600118,270.08
600119,23.05
600120,129.44
600121,63.72
600122,19.46
600123,165.31
600125,72.2
600126,143.87
600127,51.28
600128,20.11
600129,200.81
600130,30.03
600131,194.83
600132,529.61
600133,46.07
600135,41.72
600136,12.04
600137,14.63
600138,87.73
600139,13.57
600141,344.75
600143,273.43
600148,19.71
600149,24.63
600150,1126.6
600151,140.7
600152,60.21
600153,406.9
600155,128.55
600156,19.7
600157,364.37
600158,101.23
600159,24.98
600160,474.35
600161,352.3
600162,62.43
600163,110.75
600165,54.93
600166,215.3
600167,150.56
600168,43.78
600169,83.96
600170,242.2
600171,134.6
600172,82.49
600173,40.77
600176,541.62
600177,290.23
600178,31.26
600179,152.33
600180,63.22
600182,47.7
600183,334.09
600184,59.17
600185,119.7
600186,52.02
600187,43.57
600188,2114.58
600189,45.34
600190,61.67
600191,29.24
600192,27.12
600193,27.99
600195,143.27
600196,933.85
600197,107.32
600198,84.6
600199,156.82
600200,52.22
600201,105.76
600202,19.74
600203,36.53
600206,116.57
600207,56.96
600208,237.34
600210,80.99
600211,96.4
600212,44.11
600213,25.97
600215,30.69
600216,120.35
600217,72.9
600218,40.64
600219,413.49
600220,50.83
600221,528.56
600222,39.02
600223,79.8
600225,112.92
600226,78.81
600227,50.46
600228,57.79
600229,45.37
600230,72.54
600231,63.32
600232,21.12
600233,652.69
600234,20.32
600235,19.25
600236,487.92
600237,36.29
600238,45.58
600239,29.87
600241,25.37
600242,7.44
600243,21.42
600246,192.87
600248,165.26
600249,29.32
600250,16.62
600251,70.45
600252,99.74
600255,49.84
600256,680.87
600257,24.54
600258,250.96
600259,151.23
600260,23.18
600261,46.26
600262,28.59
600265,19.83
600266,85.75
600267,138.51
600268,54.49
600269,76.83
600271,204.19
600272,25.71
600273,123.79
600276,2597.53
600277,159.52
600278,63.17
600279,47.36
600280,39.83
600281,24.59
600282,202.17
600283,45.61
600284,67.34
600285,84.21
600287,24.65
600288,56.35
600289,18.3
600290,16.87
600292,47.01
600293,33.3
600295,304.67
600297,177.64
600298,359.58
600299,237.08
600300,53.53
600301,27.16
600302,18.68
600303,47.29
600305,113.33
600306,21.54
600307,104.6
600308,61.88
600309,2810.07
600310,45
600311,9.98
600312,114.39
600313,109.73
600315,201.83
600316,179.57
600318,41.12
600319,22.02
600320,174.91
600321,28.4
600322,26.09
600323,155
600325,220.18
600326,44.85
600327,41.67
600328,148.49
600329,228.63
600330,117.5
600331,57.71
600332,483.02
600333,32.04
600335,120.92
600336,46.13
600337,44.28
600338,222.52
600339,161.35
600340,100.58
600343,60.12
600345,33.5
600346,1159.34
600348,436.03
600350,268.39
600351,53.67
600352,301.91
600353,73.35
600354,34.15
600355,16.88
600356,22.79
600358,31.15
600359,31.28
600360,68.08
600361,44.34
600362,608.4
600363,125.92
600365,18.72
600366,108.93
600367,54.28
600368,40.75
600369,261.82
600370,118.45
600371,35.78
600372,345.92
600373,121.55
600375,45.74
600376,153.74
600377,389.92
600378,386.74
600379,36.55
600380,238.64
600381,58.71
600382,34
600383,481.25
600386,32.01
600387,43.91
600388,159.4
600389,136.22
600390,212.76
600391,60.25
600392,266.43
600393,43.62
600395,153.27
600396,40.65
600397,33.26
600398,196.11
600399,329.34
600400,116.07
600403,116.19
600405,33.97
600406,1754.56
600408,28.69
600409,131.09
600410,59.1
600415,244.13
600416,237.11
600418,296.37
600419,48.32
600420,97.56
600421,24
600422,127.39
600423,27.32
600425,53.63
600426,657.59
600428,159.93
600429,69.49
600433,68.43
600435,145.95
600436,1586.36
600438,2041.08
600439,29.54
600444,20.07
600446,104.55
600448,20.97
600449,57.91
600452,123.93
600455,13.4
600456,209.27
600458,73.62
600459,94.94
600460,487.55
600461,77.83
600462,12.03
600463,22.5
600466,40.36
600467,36.67
600468,45.58
600469,35.97
600470,32.86
600475,96.84
600476,23.37
600477,100.45
600478,171.89
600479,45.56
600480,72.99
600481,286.21
600482,354.78
600483,220.08
600486,312.81
600487,420.11
600488,51.75
600489,393.6
600490,72.8
600491,95.92
600493,15.1
600495,46.76
600496,89.37
600497,268.31
600498,164.34
600499,331.04
600500,199.01
600501,50.49
600502,90.8
600503,47.75
600505,29.71
600506,15.83
600507,138.04
600508,114.77
600509,68.16
600510,86.3
600511,207.26
600512,45.73
600513,29.49
600515,495.86
600516,248.53
600517,292.21
600518,264.8
600519,1.93万
600520,24.76
600521,318.06
600522,693.17
600523,80.9
600525,66.59
600526,49.16
600527,36.37
600528,173.5
600529,187.53
600530,31.59
600531,61.38
600532,115.03
600533,45.36
600535,173.22
600536,420.02
600537,75.99
600538,26.42
600539,15.89
600540,26.63
600543,18.14
600545,58.19
600546,333.05
600547,883.5
600548,183.18
600549,323.13
600550,88.95
600551,53.57
600552,80.13
600556,153.66
600557,116.28
600558,30.34
600559,213.41
600560,22.92
600561,15.25
600562,197.33
600563,373.05
600565,56.06
600566,296.54
600567,113.56
600568,37.86
600569,61.76
600570,772.16
600571,42.78
600572,114.88
600573,26.3
600575,101.43
600576,62.23
600577,94.6
600578,221.45
600579,34.69
600580,169.49
600581,63.55
600582,222.24
600583,231.24
600584,426.74
600585,1470.03
600586,120.73
600587,115.35
600588,829.28
600589,16.33
600590,55.52
600592,29.33
600593,18.32
600594,47.75
600595,130.46
600596,186.3
600597,139.1
600598,259.54
600599,16.6
600600,1350.71
600601,56.63
600602,92.18
600603,100.64
600604,96.66
600605,23.06
600606,451.14
600608,15.39
600609,57.96
600610,160.69
600611,69.74
600612,220.34
600613,51.91
600615,18.9
600616,40.68
600617,61.05
600618,118.42
600619,64.2
600620,76.43
600621,122
600622,46.49
600623,140.25
600624,41.7
600626,40
600628,43.99
600629,46.8
600630,23.49
600633,86.96
600635,89.46
600636,40.61
600637,219.21
600638,36.97
600639,127.51
600640,78.85
600641,183.16
600642,268.18
600643,88.88
600644,40
600645,90.22
600647,22.44
600648,138.4
600649,98.91
600650,55.88
600651,84.74
600653,39.12
600654,33.1
600655,270.43
600657,142.59
600658,46.53
600660,975.52
600661,25.53
600662,123.75
600663,392.53
600664,73.97
600665,33.44
600666,28.47
600667,119.42
600668,43.15
600671,9.79
600673,297.77
600674,504.82
600675,166.42
600676,38.57
600678,19.86
600679,46.43
600681,58.88
600682,119.4
600683,37.71
600684,35.16
600685,360.3
600686,45.25
600688,344.2
600689,16.98
600690,2297.4
600691,79.12
600692,21.21
600693,35.4
600694,49.23
600696,78.77
600697,20.49
600698,51.62
600699,216.29
600702,473.65
600703,885.12
600704,230.65
600705,281.7
600706,25.58
600707,152.87
600708,51.7
600710,81.67
600711,194.75
600712,21.46
600713,72.25
600714,27.18
600715,41.92
600716,38.19
600717,119.81
600718,136.72
600719,19.66
600720,81.9
600721,28.79
600722,34.63
600724,53.47
600725,42.64
600726,55.85
600727,36.84
600728,105.89
600729,89.4
600730,37.49
600731,36.67
600732,505.62
600733,273.1
600734,103.25
600735,27.31
600736,56.3
600737,148.86
600738,54.53
600739,200.54
600740,147.83
600741,572.53
600742,66.05
600743,45.05
600744,77.12
600745,661.06
600746,104.64
600748,60.87
600749,26.1
600750,100.36
600751,72.19
600753,26.97
600754,567.34
600755,152.53
600756,44.6
600757,64.32
600758,55.52
600759,50.7
600760,1291.99
600761,103.03
600763,440.88
600764,161.03
600765,465.54
600766,31.97
600767,16.27
600768,13.15
600769,28.5
600770,98.28
600771,141.89
600773,178.6
600774,33.07
600775,94.86
600776,121.71
600777,170.01
600778,20.75
600779,309.62
600780,73.95
600781,13.99
600782,127.87
600783,96.47
600784,45.27
600785,34.32
600787,108.42
600789,60.38
600790,60.24
600791,21.83
600792,36.73
600793,24.47
600794,44.49
600795,743.75
600796,47.14
600797,64.73
600798,45.97
600800,45.77
600801,318.05
600802,25.07
600803,531.11
600804,54.36
600805,40.67
600807,32.02
600808,220.05
600809,3220.99
600810,78.42
600811,98.07
600812,110.15
600814,48.46
600815,49.5
600816,182.12
600817,50.14
600818,102.83
600819,45.44
600820,170.41
600821,145.8
600822,40.07
600823,95.65
600824,36.26
600825,38.66
600826,46.56
600827,196.08
600828,59.41
600829,45.17
600830,25.81
600831,39.36
600833,25.39
600834,39.91
600835,123.85
600836,44.2
600837,1147.04
600838,25.3
600839,127.87
600841,105.56
600843,36.94
600844,32.12
600845,820.31
600846,54.54
600847,25.29
600848,311.78
600850,142.91
600851,88.48
600853,31.56
600854,25.14
600855,57.97
600857,24.23
600858,29.75
600859,290.57
600860,77.87
600861,63.93
600862,351.33
600863,242.8
600864,104.03
600865,34.58
600866,48.18
600867,184.02
600868,52.01
600869,123.84
600871,373.99
600872,271.43
600873,295.12
600874,99.72
600875,735.73
600876,134.62
600877,174.19
600879,185.45
600880,54.78
600881,80.57
600882,154.62
600883,17.94
600884,435.61
600885,366.29
600886,764.05
600887,1838.53
600888,116.55
600889,18.28
600892,23.22
600893,1182.19
600894,57.27
600895,189.09
000006,0
600897,45.54
600898,15.58
600900,4634.79
600901,162.79
600903,89.01
600905,1622.78
600906,248.24
600908,94.57
600909,232.53
600916,202.94
600917,125.39
600918,479.44
600919,1061.94
600926,785.76
600927,260.4
600928,152.44
600929,125.04
600933,185.84
600935,174.67
600936,57.82
600938,7729.6
600939,70.75
600941,1.41万
600955,121.99
600956,430.85
600958,755.35
600959,150.52
600960,34.79
600961,39.35
600962,29.89
600963,105.91
600965,52.89
600966,96.92
600967,147.76
600968,304.95
600969,29.86
600970,205.72
600971,102.96
600973,69.53
600975,57.88
600976,89.85
600977,208.17
600979,41.77
600980,28.32
600981,62.34
600982,49.85
600983,55.41
600984,66.12
600985,357.02
600986,70.75
600987,75.13
600988,344.6
600989,1010.54
600990,59.9
600992,59.36
600993,103.97
600995,402.77
600996,132.33
600997,114
600998,248.85
600999,1152.29
601000,154.07
601001,239.34
601002,47.2
601003,93.03
601005,144.48
601006,990.14
601007,36.82
601008,56.08
601009,1032.95
601010,49.34
601011,71.45
601012,3600.53
601015,101.51
601016,221.05
601018,702.3
601019,131.27
601020,73.66
601021,464.92
601028,193.17
601038,138.99
601058,286.74
601066,2040.01
601068,156.53
601069,121.14
601077,403.17
601086,25.24
601088,5734.05
601089,78.62
601098,174.57
601099,185.4
601100,828.9
601101,98.78
601106,202.99
601107,117.74
601108,346.89
601111,1448.12
601113,45.77
601116,48.58
601117,483.87
601118,184.87
601126,127.02
601127,792.96
601128,198.16
601137,133.28
601138,1789.48
601139,193.61
601155,467.25
601156,250.68
601158,250.56
601162,259.11
601163,99.84
601166,3494.23
601168,273.33
601169,881.66
601177,33.93
601179,242.97
601186,985.87
601187,143.3
601188,38.95
601198,265.38
601199,70.14
601200,103.44
601208,111.23
601211,1234.46
601212,199.19
601216,356.93
601218,42.71
601222,166.87
601225,1954.51
601226,77.14
601228,239.92
601229,831.09
601231,386.27
601233,339.97
601236,359.42
601238,1259.86
601258,116.59
601279,80.54
601288,9799.52
601298,357.66
601311,106.17
601318,7632
601319,2277.54
601326,154.77
601328,3430.94
601330,96.15
601333,145.92
601336,841.34
601339,82.05
601360,508.75
601366,49.45
601368,47.68
601369,206.98
601375,175.97
601377,518.16
601388,79.91
601390,1323.68
601398,1.49万
601399,228.67
601456,296.77
601500,49.48
601512,124.56
601515,83.12
601518,37.41
601519,125.82
601528,100.37
601555,346.02
601566,48.61
601567,195
601568,229.59
601577,270.25
601579,60.18
601588,71.04
601595,42.8
601598,280.23
601599,36.79
601600,750.51
601601,2187.67
601606,80.75
601607,690.86
601608,158.39
601609,105.07
601611,207.12
601615,591.65
601616,33.59
601618,663.16
601619,96.64
601628,9268
601633,2817.29
601636,259.49
601658,4018.7
601665,193.77
601666,292.18
601668,2239.3
601669,1105.66
601677,149.51
601678,109.49
601686,84.7
601688,1164.4
601689,777.27
601696,310.02
601698,489.61
601699,546.83
601700,58.69
601702,152.97
601717,244.92
601718,133.51
601727,635.66
601728,3623.68
601766,1509.56
601777,202.5
601778,140.67
601788,706.83
601789,51.08
601798,25.95
601799,376.87
601800,1180.1
601801,96.87
601808,841.23
601811,122.77
601816,2381.66
601818,1550.72
601825,540.09
601827,114.96
601828,207.29
601838,553.03
601857,9279.16
601858,62.84
601860,98.11
601865,806.59
601866,350.53
601868,988.08
601869,265.27
601872,583.35
601877,622.63
601878,415.35
601880,390.99
601881,979.26
601882,152.58
601886,102.76
601888,3973.04
601890,93.25
601898,1217.15
601899,2632.93
601900,69.88
601901,567.19
601908,178.68
601916,629.55
601918,114.76
601919,1940.93
601921,164.22
601928,184.76
601929,61.73
601933,289.49
601939,1.35万
601949,83.84
601952,178.04
601956,38.96
601958,318.47
601963,242.17
601965,199.16
601966,283.83
601968,78.86
601969,148.31
601975,234.87
601985,1155.53
601988,9008.27
601989,820.87
601990,310.76
601991,503.38
601992,274.42
601995,1839.18
601996,32.65
601997,199.63
601998,2329.3
601999,31.57
603000,115.77
603001,25.9
603002,47.54
603003,30.06
603005,136.72
603006,23.98
603007,13.67
603008,112.2
603009,23.71
603010,74.05
603011,47.46
603012,38.9
603013,75.29
603015,28.9
603016,31.93
603017,27.95
603018,57.23
603019,356.05
603020,39.09
603021,19.39
603022,20.66
603023,23.89
603025,158.06
603026,215.67
603027,168.7
603028,25.66
603029,36.6
603030,17.29
603031,51.99
603032,130.14
603033,135.17
603035,88.85
603036,20.11
603037,17.51
603038,16.43
603039,130.56
603040,24.98
603041,20.81
603042,16.91
603043,132.16
603045,23.04
603048,23.52
603050,27.43
603051,57.53
603053,82.84
603055,86.79
603056,175.82
603058,31.93
603059,20.48
603060,80.66
603063,120.66
603066,27.6
603067,82.46
603068,42.03
603069,81.91
603070,73.58
603071,99.59
603076,44.9
603077,284.37
603078,58.32
603079,23.45
603080,20.15
603081,54.94
603083,31.36
603085,39.79
603086,46.09
603087,210.63
603088,36.01
603089,20.67
603090,27.2
603093,58.69
603095,32.3
603096,31.02
603097,32.54
603098,167.62
603099,23.49
603100,120.87
603101,26.39
603102,24.84
603103,78.89
603105,67.05
603106,29.25
603108,66.94
603109,33.87
603110,66.93
603111,44.4
603112,59.02
603113,81.32
603115,40.59
603116,30.37
603117,16.08
603118,69.79
603121,22.49
603122,53.14
603123,87.14
603126,43.41
603127,364.3
603128,161.33
603129,200.37
603131,39.97
603132,127.34
603133,26.73
603136,51.19
603138,67.76
603139,23.24
603150,24.09
603155,63.07
603156,246.01
603158,37.94
603159,19.11
603160,229.63
603161,19.73
603165,32.55
603166,42.97
603167,32.56
603168,31.63
603169,86.22
603170,104
603171,147.7
603176,34.39
603177,28.46
603178,25.82
603179,207.88
603180,45.27
603181,84.18
603183,25.09
603185,529.25
603186,30.65
603187,84.5
603188,23.15
603189,40.3
603191,86.16
603192,27.73
603195,842.88
603196,18.81
603197,94.7
603198,380.72
603199,27.39
603200,32.77
603203,64.36
603206,52.13
603208,68.29
603209,62
603212,133.69
603213,58.48
603214,24.25
603215,30.37
603216,32.7
603217,60.69
603218,198.45
603219,90.47
603220,36.6
603221,20.3
603222,45.61
603223,108.76
603225,155.7
603226,19.05
603227,64.05
603228,173.86
603229,115.66
603230,38.57
603232,39.39
603233,387.34
603235,136.46
603236,191.12
603238,19.47
603239,42.18
603256,61.82
603258,51.52
603259,2609.62
603260,1093.18
603261,30.19
603266,28.18
603267,260.31
603268,18.84
603269,14.83
603272,19.18
603277,68.95
603278,22.67
603279,173.24
603283,69.71
603286,15.12
603288,3405.87
603289,30.76
603290,610.93
603297,101.64
603298,150.67
603299,85.68
603300,96.72
603301,133.84
603303,88.38
603305,267.37
603306,115.74
603308,130.96
603309,61.5
603311,29.99
603313,53.58
603315,54.34
603316,15.91
603317,222.21
603318,39.58
603319,36.39
603320,16.27
603321,21.24
603322,27.82
603323,84.56
603324,55.01
603326,24.61
603327,77.26
603328,69.59
603329,28.26
603330,40.17
603331,22.04
603332,19.88
603333,34.68
603335,30.36
603336,28.61
603337,98.54
603338,259.66
603339,42.02
603345,449.24
603348,181.86
603351,31.63
603353,35.77
603355,192.52
603356,20.04
603357,45.12
603358,80.7
603359,52.77
603360,44.46
603363,116.63
603365,34.45
603366,56.36
603367,63.24
603368,68.14
603369,537.43
603377,41.15
603378,43.52
603379,175.15
603380,48.42
603383,81.17
603385,28.84
603386,35.73
603387,69.02
603388,41.4
603389,15.42
603390,24.83
603392,1223.1
603393,94.53
603396,113.9
603398,124.92
603399,85.63
603408,52.4
603416,56.38
603421,57.98
603429,60.26
603439,68.49
603444,217.75
603456,361.48
603458,31.44
603466,76.6
603477,106.63
603486,409.13
603488,20.61
603489,150.98
603496,31.89
603499,16.11
603500,31.16
603501,971.72
603505,204.28
603506,23.9
603507,52.54
603508,49.41
603511,63.36
603515,122.86
603516,26.96
603517,330.85
603518,23.54
603519,32.33
603520,71.39
603527,37.99
603528,42.88
603529,312.29
603530,59.18
603533,66.89
603535,42.22
603536,16.84
603538,66.03
603551,35.64
603555,55.16
603556,94.56
603557,18.33
603558,32.67
603559,17.66
603565,208.3
603566,102.31
603567,119.82
603568,357.48
603569,53.63
603577,36.42
603578,23.63
603579,30.95
603580,15.25
603583,113.31
603585,34.25
603586,28.94
603587,68.7
603588,160.59
603589,271.38
603590,43.52
603595,149.72
603596,360.16
603598,25.13
603599,194.88
603600,33.82
603601,58.14
603602,23.32
603603,21.35
603605,480.17
603606,511.8
603607,24.35
603608,18.34
603609,127.45
603610,50.62
603611,49.51
603612,148.73
603613,607.86
603615,19.06
603616,22.27
603617,34.33
603618,40.08
603619,84.12
603626,41.64
603628,45.04
603629,34.38
603630,32.58
603633,57.23
603636,84.9
603637,20.59
603638,135.1
603639,87.76
603648,32.54
603650,205.01
603655,22.61
603656,18.6
603657,20.71
603658,395.38
603659,786.97
603660,29.75
603661,44.74
603662,45.56
603663,42.65
603665,60.13
603666,78.81
603667,50.29
603668,73.79
603669,44.64
603676,69.8
603677,22.27
603678,204.13
603679,17.12
603680,69.67
603681,44.25
603682,26.89
603683,19.74
603685,17.27
603686,38.66
603687,43.63
603688,446.25
603689,36.64
603690,137.1
603693,110.36
603696,21.76
603697,33.48
603698,69.3
603699,73.03
603700,28.88
603701,52.74
603703,49.75
603706,27.46
603707,292.21
603708,65.95
603709,13.74
603711,49.29
603712,268.58
603713,186.22
603716,23.91
603717,21.59
603718,68.71
603719,127.52
603721,18.93
603722,41.64
603725,15.81
603726,26.68
603727,34.46
603728,128.5
603729,13.3
603730,164.71
603733,196.54
603737,435.91
603738,66.49
603739,36.78
603755,38.02
603757,36.24
603758,38.83
603759,42.99
603766,120.54
603767,24.78
603768,36.86
603773,26.44
603776,33.25
603777,65.49
603778,28.99
603779,20.56
603786,276.97
603787,42.98
603788,25.18
603789,28.31
603790,19.79
603797,33.29
603798,22.18
603799,1089.14
603800,65.52
603801,84.04
603803,29.87
603806,858.98
603808,33.11
603809,48.9
603810,26.99
603811,38.32
603813,16.21
603815,54.03
603816,312.32
603817,34.41
603818,39.94
603819,31.72
603822,33.96
603823,50.04
603825,43.32
603826,241.11
603828,21.67
603829,18.26
603833,655.69
603836,32.78
603838,18.85
603839,26.93
603843,32.74
603848,57.06
603855,79.06
603856,30.24
603858,229.17
603859,49.79
603860,14.76
603861,35.71
603863,25.01
603866,168.24
603867,55.13
603868,330.18
603869,47.98
603871,100.66
603876,239.34
603877,82.33
603878,46.65
603879,22.57
603880,18.78
603881,83.19
603882,350.82
603883,231.74
603885,321.03
603886,43.78
603887,34.44
603888,84.13
603889,36.69
603890,46.06
603893,319.71
603895,25.37
603896,75.84
603897,47.17
603898,38.44
603899,438.9
603900,22.27
603901,71.07
603903,24.69
603906,163.53
603908,42.88
603909,24.94
603912,33.2
603915,135.95
603916,72.17
603917,45.5
603918,29.2
603919,115.15
603920,87.17
603922,35.06
603926,22.91
603927,174.87
603928,23.28
603929,34.27
603931,57.37
603933,21.81
603936,63.06
603937,29.54
603938,123.81
603939,514.94
603948,38.81
603949,34.14
603950,32.55
603955,26.95
603956,43.27
603958,14.45
603959,64.47
603960,53.73
603963,33.83
603966,37.9
603967,34.42
603968,44.09
603969,46.93
603970,61.32
603976,34.91
603977,53.68
603978,36.94
603979,147.67
603980,33.6
603982,48.38
603983,149.46
603985,115.86
603986,623.2
603987,68.09
603988,24.18
603989,98.52
603990,46.05
603991,27.73
603992,57.46
603993,1034.6
603995,100.23
603997,154.79
603998,37.81
603999,29.66
605001,40.66
605003,20.76
605005,68.22
605006,53.22
605007,70.48
605008,107.79
605009,70.4
605011,60.54
605016,42.98
605018,55.02
605020,110.52
605028,27.71
605033,26.4
605050,61.99
605055,27.28
605056,53.64
605058,29.16
605060,64.13
605066,32.24
605068,44.65
605069,20.56
605077,69.09
605080,46.81
605081,18.98
605086,27.24
605088,33.77
605089,57.44
605090,143.57
605098,35.06
605099,102.69
605100,22.06
605108,78
605111,189.79
605116,117.39
605117,850.91
605118,55.8
605122,28.04
605123,178.71
605128,45.84
605133,46.87
605136,49.39
605138,61.39
605151,29.16
605155,18.68
605158,35.85
605162,36.32
605166,40.64
605167,35.97
605168,81.83
605169,32.76
605177,25.65
605178,19.91
605179,42.59
605180,20.41
605183,76.85
605186,53.65
605188,44.5
605189,24.19
605196,39.84
605198,66.85
605199,73.02
605208,40.89
605218,32.48
605222,111.33
605228,34.77
605255,22.97
605258,19.88
605259,27.51
605266,76.36
605268,42.17
605277,33.68
605286,82.81
605287,25.25
605288,25.91
605289,29.03
605296,144.39
605298,19.39
605299,46.91
605300,55.92
605303,21.3
605305,58.82
605318,20.07
605319,27.74
605333,107.18
605336,30.1
605337,56.49
605338,67.33
605339,86.73
605358,305.66
605365,86.2
605366,77.32
605368,64.93
605369,122.04
605376,135.3
605377,70.06
605378,30.27
605388,59.73
605389,33.96
605398,25.29
605399,88.24
605488,24.41
605499,690.14
605500,33.3
605507,174.8
605555,59.13
605566,33.11
605567,29.86
605577,43.2
605580,24.5
605588,22.38
605589,150.46
605598,47.78
605599,74.04
688001,131.21
688002,191.39
688003,64.87
688004,13.22
688005,376.44
688006,198.64
688007,110.45
688008,730.98
688009,487.13
688010,34.33
688011,24.51
688012,658.52
688013,18.32
688015,38.17
688016,147.56
688017,184.87
688018,72.11
688019,151.14
688020,33.86
688021,18.73
688022,60.07
688023,154.04
688025,44.93
688026,40.72
688027,89.85
688028,39.82
688029,174.96
688030,39.88
688032,570.08
688033,125.75
688036,590.74
688037,189.96
688038,15.91
688039,35.24
688045,40.86
688046,135.3
688047,330.99
688048,142.58
688049,38.58
688050,244.49
688051,19.81
688052,345.95
688053,72.3
688055,151
688056,30.26
688057,42.34
688058,25.12
688059,61.18
688060,29.64
688062,63.78
688063,486.69
688065,407.54
688066,158.67
688067,14.35
688068,61.69
688069,23.63
688070,42.67
688071,48.56
688072,291.53
688075,96.9
688076,52.12
688077,42.86
688078,29.2
688079,40.17
688080,21.29
688081,14.16
688082,389.55
688083,173.35
688085,66.4
688086,12.81
688087,54.47
688088,105.8
688089,47.93
688090,18.42
688091,110.49
688092,15.73
688093,50.48
688095,47.62
688096,14.26
688097,130.78
688098,37.74
688099,263.6
688100,117.6
688101,48.65
688102,59.72
688103,74.43
688105,272.49
688106,104.22
688107,260.47
688108,28.5
688109,18.38
688110,137.5
688111,1177.36
688112,104.71
688113,29.82
688115,30.3
688116,238.45
688117,21.17
688118,19.6
688119,74.03
688120,260.6
688121,38.81
688122,473.56
688123,131.61
688125,43.23
688126,554.53
688127,69.93
688128,76.81
688129,16.43
688131,133.36
688133,128.1
688135,46.54
688136,50.35
688138,54.16
688139,233.06
688148,88.32
688150,83.47
688151,71.76
688153,167.53
688155,49.58
688156,26.37
688157,79.52
688158,61.62
688159,16.24
688160,27.6
688161,228.08
688162,64.29
688163,26.25
688165,43.46
688166,91.76
688167,98.34
688168,28.06
688169,246.94
688170,44.46
688171,18.56
688173,112.76
688175,30.6
688176,69.6
688177,97.18
688178,16.06
688179,54.25
688180,639.01
688181,38.2
688182,53.28
688183,86.09
688185,571.63
688186,65.49
688187,834.16
688188,343.1
688189,31.56
688190,112.36
688191,22.38
688192,146.48
688193,20.87
688195,34.52
688196,79.85
688197,40.62
688198,199.17
688199,37.59
688200,224.71
688201,78.11
688202,236.42
688206,146.93
688207,50.81
688208,180.38
688209,89.08
688210,28.76
688211,50.93
688212,84.6
688213,168.44
688215,12.8
688216,27.4
688217,24.21
688218,21.58
688219,43.17
688220,292.23
688221,63.23
688222,68.76
688223,1706
688225,76.96
688226,41.22
688227,23.63
688228,23.28
688229,17.36
688230,52.58
688232,184.8
688233,74.35
688234,436.93
688235,1875.75
688236,90.31
688237,53.1
688238,116.69
688239,115.83
688246,46.05
688248,338.48
688251,20.24
688255,24.82
688256,266.1
688257,32.03
688258,42.43
688259,61.15
688260,18.67
688261,170.13
688262,120.34
688265,40.38
688266,108.31
688267,66.99
688268,99.53
688269,121.42
688270,133.35
688272,17.34
688276,298.73
688277,58.65
688278,173.83
688279,71.57
688280,53.36
688281,271.12
688282,43.04
688283,56.46
688285,31.34
688286,24.1
688287,39.8
688288,18.76
688289,154.65
688290,69.38
688295,417.15
688296,25.05
688297,334.33
688298,167.63
688299,47.05
688300,59.19
688301,327.22
688302,52.29
688303,1151.63
688305,97.2
688306,68.05
688308,71.8
688309,14.48
688310,18.01
688311,92.74
688312,24.93
688313,50.65
688314,30.91
688315,115.82
688316,15.9
688317,73.13
688318,88.19
688319,69.99
688320,91.54
688321,100.91
688322,112.6
688323,41.98
688325,39.82
688326,182.02
688327,138.73
688328,17.63
688329,35.94
688330,69.05
688331,410.86
688332,62.9
688333,175.2
688335,22.96
688336,92.15
688337,118.51
688338,30.29
688339,87.02
688345,53.37
688348,468.01
688349,410.49
688350,23.29
688353,74.36
688355,36.85
688356,105.21
688357,68.05
688358,44.33
688359,83.51
688360,22.78
688363,518.13
688365,35.93
688366,141.86
688367,15.11
688368,87.54
688369,56.06
688377,71
688378,44.9
688379,15.58
688383,140.75
688385,680.19
688386,36.74
688388,164.38
688389,91.96
688390,399.78
688393,21.87
688395,17.51
688396,693.05
688398,25.74
688399,62.27
688400,132.42
688408,148.09
688418,21.96
688425,212.81
688456,31.31
688466,16.91
688468,49.36
688488,51.2
688499,150.48
688500,15.85
688501,29.18
688505,100.84
688508,74.59
688509,34.73
688510,45.55
688511,25.2
688513,73.64
688516,335.13
688517,17.37
688518,106.94
688519,53.62
688520,349.59
688521,253.55
688526,118.32
688528,17.71
688529,32.22
688533,96.5
688536,322.12
688538,373.63
688550,48.87
688551,38.5
688553,84.97
688555,10.07
688556,179.74
688557,25.1
688558,46.87
688559,144.11
688560,88.44
688561,447.11
688565,17.46
688566,42.66
688567,285.01
688568,168.81
688569,41.67
688571,23.65
688575,119.47
688577,25.96
688578,104.49
688579,37
688580,40.76
688585,37.22
688586,98.47
688588,44.08
688589,35.85
688590,26.67
688595,58.06
688596,106.96
688597,31.18
688598,229.16
688599,1463.12
688600,36.83
688601,59.43
688606,62.85
688607,19.37
688608,149.4
688609,39.5
688611,29.85
688613,35.6
688616,17.27
688617,204.13
688618,38.05
688619,23.04
688621,84.58
688622,28.7
688625,63.97
688626,57.62
688628,37.42
688630,80.75
688633,36.79
688636,66.22
688639,161.62
688655,16.95
688656,23.52
688658,99.54
688659,29.6
688660,87.07
688661,52.72
688662,28.4
688663,72.91
688665,62.22
688667,49.63
688668,56.16
688669,21.1
688670,44.09
688676,151.12
688677,105.99
688678,43.56
688679,16
688680,131.49
688681,15.45
688682,47.13
688683,35.94
688685,23.51
688686,167.08
688687,38.63
688689,32.27
688690,260.45
688696,129.93
688697,72.29
688698,39.74
688699,60.06
688700,220.81
688701,13.55
688707,234.76
688711,87.62
688718,43.09
688722,41.99
688728,427.31
688733,89.1
688737,29.08
688739,141.43
688766,66.02
688767,56.38
688768,56.9
688772,232.79
688776,163.73
688777,445.6
688778,263.97
688779,308.67
688786,39.58
688787,25.29
688788,46.33
688789,136.12
688793,28.31
688798,162.22
688799,33.86
688800,128.43
688819,396.33
688981,3283.12
689009,233.46
